id,name,model_id:id,group_id:id,perm_read,perm_write,perm_create,perm_unlink
access_parc_client,parc.client,model_res_partner,base.group_user,1,1,1,1
access_parc_contrat,parc.contrat,model_parc_contrat,base.group_user,1,1,1,1
access_stock_lot_parc,stock.lot,model_stock_lot,base.group_user,1,1,1,1
access_parc_affectation,parc.affectation,model_parc_affectation,base.group_user,1,1,1,1
access_parc_intervention,parc.intervention,model_helpdesk_ticket,base.group_user,1,1,1,1
access_parc_facturation,parc.facturation,model_account_move,base.group_user,1,1,1,1