<?xml version="1.0" encoding="UTF-8"?>
<odoo>
    <data noupdate="1">
        <record id="seq_parc_contrat_materiel" model="ir.sequence">
            <field name="name">Contrat - Matériel</field>
            <field name="code">parc.contrat.materiel</field>
            <field name="prefix">CONTRAT-MAT-</field>
            <field name="padding">4</field>
            <field name="number_next">1</field>
        </record>

        <record id="seq_parc_contrat_logiciel" model="ir.sequence">
            <field name="name">Contrat - Logiciel</field>
            <field name="code">parc.contrat.logiciel</field>
            <field name="prefix">CONTRAT-LOG-</field>
            <field name="padding">4</field>
            <field name="number_next">1</field>
        </record>

        <record id="seq_parc_contrat_complet" model="ir.sequence">
            <field name="name">Contrat - Infogérance Complète</field>
            <field name="code">parc.contrat.complet</field>
            <field name="prefix">CONTRAT-INF-</field>
            <field name="padding">4</field>
            <field name="number_next">1</field>
        </record>
    </data>
</odoo>
